term,estimate,std.error,statistic,p.value,outcome
essentialTRUE:comp_price_100,-0.0455396959446696,0.0389753801016134,-1.16842211226529,0.256376061479892,reach
essentialTRUE:gas_gj,-0.00605684322206561,0.00344897653461088,-1.75612769796619,0.0943698580939045,reach
essentialTRUE:comp_price_100,-0.0535137536644254,0.0196454796020269,-2.7239728807081,0.0130729272410357,cheap_a_share
essentialTRUE:gas_gj,0.000348901675065634,0.00180552044940819,0.193241608080371,0.848718719869351,cheap_a_share
