outcome,weights,estimate,wcb_se,wcb_t,wcb_p,R,df
reach_a,rademacher,-0.0855212674466061,0.0251183820189107,-3.40472835321241,0.00281054174175061,999,20
reach_a,webb,-0.0855212674466061,0.0248796423437554,-3.43739939123648,0.00260639801328489,999,20
reach_b,rademacher,-0.0855212674466061,0.0251183820189107,-3.40472835321241,0.00281054174175061,999,20
reach_b,webb,-0.0855212674466061,0.0248796423437554,-3.43739939123648,0.00260639801328489,999,20
intensive_a,rademacher,0.0050502255342692,0.0186028043429501,0.27147657101404,0.788806946313338,999,20
intensive_a,webb,0.0050502255342692,0.0185956526523204,0.271580978021712,0.788727793947878,999,20
intensive_b,rademacher,-0.0186570139558368,0.0297653673845866,-0.626802744101117,0.537878428937043,999,20
intensive_b,webb,-0.0186570139558368,0.0302788110917749,-0.616173927677922,0.544729692594755,999,20
