outcome,weights,estimate,wcb_se,wcb_t,wcb_p,R,df
reach,rademacher,-0.0749907364038979,0.0419075376803233,-1.78943313195678,0.0887006139541364,999,20
reach,webb,-0.0749907364038979,0.0419949662616067,-1.78570774260765,0.0893197407063258,999,20
share_a,rademacher,-0.0462200190577654,0.0363793528780618,-1.27050140811157,0.218487248134287,999,20
share_a,webb,-0.0462200190577654,0.0362534656755347,-1.27491312062219,0.216952642085593,999,20
