slope,se,p,n_months
-0.0964137534995743,0.0248030608954288,0.00118419917377726,19
