weights,estimate,wcb_se,wcb_p
wild,-0.0455396959434487,0.0393024326355702,0.260227493674692
wild-webb,-0.0455396959434487,0.0382787254863814,0.248101537540487
