episode_id,duid,instruction,yyyymm,comp,pred_gross,pred_wedge,pred_rta,rta,addl,gas_gj
339,OSB-AG,Synchronise,202403,0,170870.252258751,170870.252258751,170870.252258751,0,0,11.65
1146,TORRB3,Synchronise,202401,1406.963312724,269284.6720325,269284.6720325,268795.82686495,488.84516755,25901.0778396626,11.65
