term,estimate,std.error,statistic,p.value,sample,outcome,nobs
essentialTRUE:comp_price_100,-0.0512106335806355,0.0161239255959784,-3.17606486558138,0.00474847491989503,BASE: exclude suspension window only,a_fixed300,140259
essentialTRUE:comp_price_100,-0.055351221092399,0.0186083796962501,-2.97453201170186,0.00749296076821581,BASE: exclude suspension window only,b_2xSRMC,140259
essentialTRUE:comp_price_100,-0.0511800271199339,0.0163492059488489,-3.13042891991566,0.00550820478094381,(i) exclude all June 2022,a_fixed300,134636
essentialTRUE:comp_price_100,-0.0581460582345121,0.0156487053962423,-3.71571045413601,0.00146627495178642,(i) exclude all June 2022,b_2xSRMC,134636
essentialTRUE:comp_price_100,-0.044184852450487,0.0187792256818626,-2.35285805703702,0.0289772995150835,(ii) include window at APC $300,a_fixed300,144358
essentialTRUE:comp_price_100,-0.0495516994456836,0.0200960929602304,-2.46573796925328,0.0228412723728079,(ii) include window at APC $300,b_2xSRMC,144358
essentialTRUE:comp_price_100,-0.0511644816575329,0.0163168239873079,-3.135688765003,0.00520553004597858,(iii) base minus pre-suspension June,a_fixed300,135269
essentialTRUE:comp_price_100,-0.0581619433634847,0.0156292389914405,-3.72135478863288,0.00134844723764148,(iii) base minus pre-suspension June,b_2xSRMC,135269
