tier,n,mean_pi,p90_pi
rest,18007,0.0794406576699836,0.219219728653713
pex = 1,714,0.0582302180164363,0.279149987519617
N-1 = 1 (not pex),33835,0.0567307603395248,0.205050271716489
