estimate,ri_p,ep_iqr_ess
0.147253298899059,0.185,46.7888234725727
