weights,estimate,wcb_se,wcb_p
wild,0.14725329889916,0.0879887543850931,0.109789161353533
wild-webb,0.14725329889916,0.0854538050955015,0.100280807478939
