weights,estimate,wcb_se,wcb_p
wild,0.0209834322349932,0.0346486354725651,0.551587501566564
wild-webb,0.0209834322349932,0.035014670374802,0.555717663274695
