tier,n,mean_pi2,p90
pex = 1,714,0.560130806967806,0.881591831552098
N-1 = 1 (not pex),33835,0.347018493102842,0.734355773478225
rest,18007,0.137554225078017,0.353788215902894
