r2_leakage_pi2,cv_auc,var_share_slow
0.130221337943609,0.847237594437259,0.225551428674971
