c0,w,n_lo,n_hi,rate_lo,rate_hi,delta
0,20000,83,51,0.445783132530121,0.392156862745098,-0.0536262697850224
0,30000,141,71,0.51063829787234,0.436619718309859,-0.0740185795624813
0,50000,284,110,0.524647887323944,0.418181818181818,-0.106466069142125
