c0,w,n_lo,n_hi,rate_lo,rate_hi,delta,run
0,20000,43,62,0.465116279069768,0.403225806451613,-0.0618904726181546,torrens_rebuilt
0,30000,64,107,0.46875,0.467289719626168,-0.00146028037383178,torrens_rebuilt
0,50000,93,244,0.462365591397849,0.495901639344262,0.0335360479464129,torrens_rebuilt
0,20000,22,17,0,0,0,ppccgt_rebuilt
0,30000,31,24,0.032258064516129,0.0833333333333333,0.0510752688172043,ppccgt_rebuilt
0,50000,41,46,0.024390243902439,0.0434782608695652,0.0190880169671262,ppccgt_rebuilt
