c0,w,n_lo,n_hi,rate_lo,rate_hi,delta,stratum,descriptive_only
0,30000,49,89,0.469387755102041,0.460674157303371,-0.00871359779867004,pi_t1,FALSE
0,30000,15,11,0.466666666666667,0.454545454545455,-0.0121212121212121,pi_t2,TRUE
0,30000,32,63,0.5,0.587301587301587,0.0873015873015873,n1_TRUE,FALSE
0,30000,32,44,0.4375,0.295454545454545,-0.142045454545455,n1_FALSE,FALSE
