c0,w,n_lo,n_hi,rate_lo,rate_hi,delta,stratum,descriptive_only
0,30000,64,78,0.46875,0.41025641025641,-0.0584935897435898,pi_t1,FALSE
0,30000,39,80,0.487179487179487,0.65,0.162820512820513,pi_t2,FALSE
0,30000,11,44,0.818181818181818,0.613636363636364,-0.204545454545455,pi_t3,TRUE
0,30000,82,151,0.560975609756098,0.629139072847682,0.0681634630915845,n1_TRUE,FALSE
0,30000,32,51,0.375,0.313725490196078,-0.0612745098039216,n1_FALSE,FALSE
