c0,w,n_lo,n_hi,rate_lo,rate_hi,delta,run
0,20000,73,151,0.520547945205479,0.549668874172185,0.029120928966706,torrens_base
0,30000,114,202,0.508771929824562,0.54950495049505,0.0407330206704881,torrens_base
0,50000,170,361,0.511764705882353,0.584487534626039,0.0727228287436859,torrens_base
0,20000,67,121,0.552238805970149,0.578512396694215,0.0262735907240655,torrens_pess
0,30000,99,189,0.505050505050505,0.544973544973545,0.0399230399230399,torrens_pess
0,50000,160,326,0.50625,0.585889570552147,0.0796395705521472,torrens_pess
0,20000,19,20,0.0526315789473684,0,-0.0526315789473684,ppccgt_base
0,30000,28,30,0.107142857142857,0.0333333333333333,-0.0738095238095238,ppccgt_base
0,50000,50,54,0.1,0.0925925925925926,-0.00740740740740742,ppccgt_base
