run,placebo_p,ri_within_month_p
torrens_base,0.715025906735751,0.669
torrens_pess,0.66839378238342,0.502
ppccgt_base,0.490909090909091,0.715
