c0,w,n_lo,n_hi,rate_lo,rate_hi,delta,line
0,30000,22,30,0.363636363636364,0.566666666666667,0.203030303030303,new (haircut)
0,30000,114,202,0.508771929824562,0.54950495049505,0.0407330206704881,old
