instruction,n,onset_depth,tail_depth,matched_depth,p_onset_vs_matched,p_onset_vs_tail
Remain,762,2.04251968503937,2.04120734908136,3.21554004278319,3.7730301059123e-68,0.974388596218549
Synchronise,730,2.15818542029304,2.19372661603201,3.32103426471901,2.67626409991493e-133,0.137466848266166
