dose,sd,iqr,min,max
d_t (old),81.188378732503,153.290334,121.1744,378.37086
rent,41.5672229749038,11.7527569999997,0,192.1011
gross,83.3014877047107,153.290334,121.1744,378.37086
rent_marginal,44.4430899342615,18.8527309999997,0,201.7954
