dose,estimate,ri_p,draws,exceed
rent,-0.0389830390361186,0.652,999,651
gross,-0.0933493525505392,0.011,999,10
