grain,cor_rent_dt,cor_gross_dt
essential rows,0.497032594330681,0.955046812546619
months (ess-weighted mean),0.60626905554586,0.882156055407332
