dose,slope,se,p,n_months,grain
rent_100m,0.0260137452372982,0.107837421508147,0.812261495371319,19,month
gross_100m,-0.113804740795459,0.0234518909834552,0.000149303797940345,19,month
rent_100m,0.0353633735256822,0.102674164643046,0.734310883825581,60,unit-month
gross_100m,-0.113799161372505,0.0226392061647036,7.49108414168928e-05,60,unit-month
