term,estimate,std.error,statistic,p.value,outcome,restr_sum,restr_se,restr_p
essentialTRUE:comp_price_100,-0.0406014899094591,0.0381524517535829,-1.064190846022,0.299922623709828,reach_a,-0.103405963328311,0.0260550520084643,0.000756849527224171
essentialTRUE:allin_100,-0.0628044734188514,0.0295013653158717,-2.12886667265744,0.0458825974532006,reach_a,-0.103405963328311,0.0260550520084643,0.000756849527224171
essentialTRUE:comp_price_100,-0.0493785224131518,0.020300196882417,-2.43241593661197,0.0245133809347509,share_a,-0.0519400840094172,0.0173740059457764,0.00724459684852122
essentialTRUE:allin_100,-0.00256156159626547,0.0190506968199615,-0.13446025730573,0.894382566878859,share_a,-0.0519400840094172,0.0173740059457764,0.00724459684852122
essentialTRUE:comp_price_100,-0.00555752519134872,0.0287967130233302,-0.192991651055667,0.84891186496638,share_b,-0.0751764552495673,0.0217428705082025,0.00248798589060171
essentialTRUE:allin_100,-0.0696189300582186,0.0265517680740361,-2.6220073128123,0.0163297543619889,share_b,-0.0751764552495673,0.0217428705082025,0.00248798589060171
